sample_index,sample_identity,sample_image_name,best_match_index,best_match_identity,best_match_image_name,similarity
0,705,"paB-43,5.jpg",212440,3492983,image_470751.jpg,0.3383311629295349
1,338,"boEM-40,11.jpg",120886,1851640,image_384487.jpg,0.32439374923706055
2,630,"maL-189,15.jpg",144603,1961693,image_392909.jpg,0.2997550964355469
3,263,"bgM-166,9.jpg",258736,2835841,image_448577.jpg,0.3584060072898865
4,334,"boE-5,1.jpg",343002,0794687,image_261927.jpg,0.33740395307540894
5,747,"paL-6,1.jpg",262809,0480381,image_200366.jpg,0.3135707676410675
6,69,"anS-119,3.jpg",203511,0358316,image_178569.jpg,0.3444356918334961
7,672,"maS-55,5.jpg",224330,1554887,image_359032.jpg,0.5095452666282654
8,743,"paL-199,2.jpg",443632,0338292,image_174300.jpg,0.6062893867492676
9,376,"boP-136,7.jpg",184827,1855099,image_384931.jpg,0.346110463142395
10,789,"paW-141,5.jpg",74140,0000353,image_14598.jpg,0.35194575786590576
11,785,"paSP-0,19.jpg",303264,3869087,image_478289.jpg,0.3841622471809387
12,326,"boE-134,1.jpg",218482,1886602,image_387326.jpg,0.36051273345947266
13,34,"anI-69,12.jpg",146121,0005036,image_84106.jpg,0.32800009846687317
14,251,"bgL-78,1.jpg",120866,1851640,image_384474.jpg,0.4047093391418457
15,322,"boBW-86,11.jpg",30198,0035676,image_112774.jpg,0.31174707412719727
16,735,"paL-102,4.jpg",439890,2225369,image_411805.jpg,0.3685348331928253
17,368,"boM-27,10.jpg",52309,1564087,image_360289.jpg,0.5679076910018921
18,806,"pcE2-24,5.jpg",86449,2554724,image_433213.jpg,0.38129931688308716
19,439,"gfI-58,15.jpg",337474,0686818,image_240593.jpg,0.35981088876724243
20,660,"maS-135,7.jpg",219125,0241049,image_153513.jpg,0.32763952016830444
21,731,"paI-67,2.jpg",406879,2425974,image_425781.jpg,0.3703915774822235
22,364,"boM-153,5.jpg",420818,0123092,image_128737.jpg,0.32829514145851135
23,777,"paPE-7,14.jpg",108815,0084327,image_120668.jpg,0.39452284574508667
24,848,"pcS-136,6.jpg",51356,0059215,image_116333.jpg,0.31297439336776733
25,360,"boL-30,2.jpg",66967,1349694,image_336008.jpg,0.3980954885482788
26,773,"paP-74,14.jpg",470701,1980968,image_394458.jpg,0.3730842173099518
27,477,"gfP-56,10.jpg",437745,1863227,image_385447.jpg,0.33190280199050903
28,314,"boB-151,14.jpg",258736,2835841,image_448577.jpg,0.33840179443359375
29,886,"woB-4,10.jpg",371916,0001494,image_52013.jpg,0.3147006630897522
30,310,"bgW-92,2.jpg",470227,2419161,image_425436.jpg,0.4865257740020752
31,723,"paI-124,6.jpg",384938,0262635,image_158278.jpg,0.2786627411842346
32,427,"gfE-22,5.jpg",224048,0924075,image_283479.jpg,0.35371825098991394
33,37,"anIS-6,8.jpg",402177,0000430,image_17283.jpg,0.4298176169395447
34,352,"boIW-50,18.jpg",29013,2057726,image_399844.jpg,0.3345758318901062
35,423,"gfE-137,14.jpg",482345,0002100,image_65550.jpg,0.32063034176826477
36,836,"pcM-87,9.jpg",161573,0005412,image_99172.jpg,0.3382129669189453
37,469,"gfMI-14,7.jpg",201857,1706767,image_372345.jpg,0.3732510209083557
38,85,"anW-30,15.jpg",180501,0004857,image_76717.jpg,0.3034864068031311
39,761,"paMS-44,14.jpg",277513,0519456,image_209196.jpg,0.4010496735572815
40,394,"boS-187,3.jpg",161915,0000233,image_9028.jpg,0.6710844039916992
41,832,"pcM-184,11.jpg",105917,0204920,image_146719.jpg,0.37577199935913086
42,465,"gfM-141,11.jpg",415894,1545471,image_357998.jpg,0.37598732113838196
43,878,"pcW-94,2.jpg",210371,1291227,image_329311.jpg,0.3032420873641968
44,949,"woM-82,3.jpg",231599,0000775,image_34140.jpg,0.3463951051235199
45,390,"boS-125,3.jpg",149057,2803896,image_447136.jpg,0.3712593913078308
46,874,"pcW-72,1.jpg",210939,2683090,image_440999.jpg,0.30316105484962463
47,80,"anSB-62,13.jpg",221296,1352774,image_336361.jpg,0.5371072292327881
48,711,"paBS-2,1.jpg",221296,1352774,image_336361.jpg,0.664466381072998
49,415,"gfB-145,6.jpg",158772,0194885,image_144034.jpg,0.33543211221694946
50,119,"bbEP-22,7.jpg",119792,2311683,image_416873.jpg,0.3295086920261383
51,340,"boEP-11,12.jpg",5585,0262558,image_158135.jpg,0.33169305324554443
52,411,"boWL-52,20.jpg",368090,3510471,image_471091.jpg,0.38079172372817993
53,824,"pcL-4,4.jpg",40728,1411125,image_342836.jpg,0.2966005802154541
54,457,"gfL-66,3.jpg",377123,0922035,image_282597.jpg,0.31916993856430054
55,528,"giI-15,9.jpg",38200,2169537,image_407659.jpg,0.3270938992500305
56,382,"boP-41,1.jpg",134773,1357218,image_336559.jpg,0.3478825092315674
57,820,"pcL-101,6.jpg",176879,0001317,image_46571.jpg,0.34621089696884155
58,453,"gfL-17,4.jpg",148328,0278304,image_162435.jpg,0.3412495255470276
59,157,"bbM-12,8.jpg",44762,2798112,image_446877.jpg,0.388579785823822
60,866,"pcW-178,1.jpg",375887,1382356,image_339581.jpg,0.3796263039112091
61,937,"woLB-63,5.jpg",191055,0000271,image_10431.jpg,0.3973858654499054
62,88,"anW-57,11.jpg",206394,0654295,image_234779.jpg,0.31773775815963745
63,791,"paW-187,12.jpg",9879,0001086,image_40993.jpg,0.567155122756958
64,862,"pcW-138,5.jpg",345909,1955504,image_392592.jpg,0.3621121942996979
65,495,"gfW-48,2.jpg",337472,0686818,image_240600.jpg,0.5423345565795898
66,566,"giP-40,1.jpg",77326,0467572,image_198803.jpg,0.34007537364959717
67,199,"bbW-185,6.jpg",180405,0005129,image_88103.jpg,0.3316176235675812
68,979,"woS-91,14.jpg",238951,1942596,image_391527.jpg,0.31055277585983276
69,403,"boW-13,3.jpg",379763,1617857,image_364979.jpg,0.4062313735485077
70,491,"gfW-132,6.jpg",415933,0794269,image_261803.jpg,0.31701987981796265
71,107,"bbE-18,3.jpg",209958,1782667,image_379582.jpg,0.3170163035392761
72,975,"woS-34,4.jpg",451170,1433588,image_346213.jpg,0.32430604100227356
73,83,"anW-113,9.jpg",10477,1500155,image_353363.jpg,0.35894766449928284
74,103,"bbE-117,10.jpg",224330,1554887,image_359032.jpg,0.41656428575515747
75,812,"pcI-161,11.jpg",102558,2267814,image_414919.jpg,0.3339512050151825
76,516,"giE-49,5.jpg",15755,3609965,image_473284.jpg,0.3720564842224121
77,149,"bbLI-20,6.jpg",452175,1248373,image_324815.jpg,0.4217415452003479
78,929,"woL-157,2.jpg",128423,0304629,image_167144.jpg,0.3239331841468811
79,53,"anM-17,18.jpg",425235,1736660,image_375501.jpg,0.3811454176902771
80,441,"gfIE-78,13.jpg",211639,0644043,image_232263.jpg,0.3402308225631714
81,145,"bbL-58,7.jpg",119794,2311683,image_416863.jpg,0.4443356394767761
82,854,"pcS-41,3.jpg",487489,1027847,image_298112.jpg,0.44856929779052734
83,925,"woIE-90,3.jpg",273018,1648016,image_367346.jpg,0.3487470746040344
84,558,"giM-95,6.jpg",362125,3838034,image_477463.jpg,0.35252106189727783
85,629,"maL-180,14.jpg",224330,1554887,image_359032.jpg,0.3549787998199463
86,850,"pcS-177,15.jpg",80520,3188373,image_462707.jpg,0.3630017936229706
87,483,"gfS-52,14.jpg",465104,0329537,image_172034.jpg,0.29681485891342163
88,554,"giM-67,2.jpg",227489,0648249,image_233269.jpg,0.4963941276073456
89,187,"bbS-159,13.jpg",459136,4348533,image_483749.jpg,0.32728928327560425
90,7,"anB-90,6.jpg",137517,1645313,image_367240.jpg,0.30653664469718933
91,967,"woPM-58,13.jpg",262745,0333589,image_173267.jpg,0.27413204312324524
92,892,"woE-124,12.jpg",354530,3978642,image_480236.jpg,0.3095495104789734
93,963,"woP-7,6.jpg",45256,4476394,image_485014.jpg,0.351488322019577
94,596,"giWE-77,15.jpg",288388,0675128,image_239120.jpg,0.32750204205513
95,800,"pcB-29,12.jpg",181771,2126645,image_405163.jpg,0.3392716646194458
96,504,"giBL-41,7.jpg",27807,2554052,image_432580.jpg,0.3091578483581543
97,137,"bbIP-69,3.jpg",334228,1410838,image_342582.jpg,0.3789811134338379
98,208,"bbWL-55,1.jpg",409653,0152671,image_134860.jpg,0.39568886160850525
99,500,"giB-149,2.jpg",376275,1715135,image_373222.jpg,0.35205981135368347
100,133,"bbI-86,8.jpg",407437,0001845,image_63264.jpg,0.3374655842781067
101,913,"woI-104,5.jpg",482523,0005311,image_94972.jpg,0.47445666790008545
102,546,"giLW-28,8.jpg",164543,3794219,image_476760.jpg,0.34699928760528564
103,617,"maI-119,2.jpg",196574,0048932,image_114550.jpg,0.3006906509399414
104,56,"anM-33,15.jpg",226753,1415323,image_343383.jpg,0.34425461292266846
105,471,"gfP-116,4.jpg",39074,1617964,image_365028.jpg,0.3351655602455139
106,542,"giL-35,5.jpg",405509,0039162,image_113406.jpg,0.3451985716819763
107,175,"bbP-62,7.jpg",200459,0261595,image_157787.jpg,0.30302149057388306
108,246,"bgL-42,1.jpg",30185,3624302,image_473838.jpg,0.36568376421928406
109,955,"woP-12,8.jpg",86716,1925057,image_390020.jpg,0.5263373851776123
110,659,"maS-120,13.jpg",101865,0000204,image_7060.jpg,0.3662354648113251
111,171,"bbP-135,6.jpg",343184,0000606,image_27694.jpg,0.31870144605636597
112,880,"woB-130,9.jpg",395650,1145983,image_313516.jpg,0.32195034623146057
113,951,"woM-97,15.jpg",296864,1799783,image_380919.jpg,0.34275513887405396
114,584,"giSP-43,5.jpg",164544,3794219,image_476761.jpg,0.3565414547920227
115,288,"bgS-126,6.jpg",98783,2953537,image_453493.jpg,0.32002389430999756
116,997,"woWB-15,4.jpg",64534,1525948,image_356245.jpg,0.3708404302597046
117,51,"anM-158,1.jpg",337472,0686818,image_240600.jpg,0.4650389850139618
118,125,"bbI-143,7.jpg",487489,1027847,image_298112.jpg,0.5074648857116699
119,580,"giS-38,7.jpg",228151,0130536,image_130353.jpg,0.3816998600959778
120,993,"woW-67,11.jpg",308320,2540339,image_431867.jpg,0.3443371057510376
121,609,"maE-164,14.jpg",459362,0670408,image_238203.jpg,0.3196750283241272
122,697,"paB-125,8.jpg",126096,2315359,image_417211.jpg,0.31868425011634827
123,21,"anE-88,4.jpg",349931,0413168,image_189475.jpg,0.31011831760406494
124,121,"bbEW-39,2.jpg",98853,2953537,image_453501.jpg,0.3169165849685669
125,901,"woE-56,6.jpg",60159,0000551,image_24748.jpg,0.4920210838317871
126,534,"giI-84,12.jpg",483329,3094119,image_459595.jpg,0.38047564029693604
127,605,"maE-112,5.jpg",442423,0001787,image_61401.jpg,0.3423699736595154
128,238,"bgI-93,1.jpg",161915,0000233,image_9028.jpg,0.4509258568286896
129,309,"bgW-90,6.jpg",272796,0005023,image_83341.jpg,0.3588293492794037
130,530,"giI-29,1.jpg",26144,0147825,image_134009.jpg,0.5220216512680054
131,163,"bbM-73,1.jpg",414295,0000439,image_18537.jpg,0.31851279735565186
132,234,"bgI-50,14.jpg",221296,1352774,image_336361.jpg,0.5661211013793945
133,943,"woM-13,4.jpg",381921,0495201,image_203147.jpg,0.32220691442489624
134,647,"maM-74,6.jpg",374300,3180549,image_462249.jpg,0.35555770993232727
135,718,"paE-8,4.jpg",26026,3721069,image_475216.jpg,0.35529789328575134
136,59,"anML-94,5.jpg",167284,0531101,image_211386.jpg,0.32772618532180786
137,572,"giS-111,10.jpg",243300,0933475,image_286229.jpg,0.3364419639110565
138,643,"maM-103,7.jpg",231599,0000775,image_34140.jpg,0.40476760268211365
139,276,"bgP-156,6.jpg",9879,0001086,image_40993.jpg,0.3770354986190796
140,689,"maW-99,11.jpg",234165,0610669,image_226619.jpg,0.3058454692363739
141,981,"woS-99,13.jpg",434638,0939255,image_287912.jpg,0.300342321395874
142,685,"maW-40,5.jpg",349747,0248676,image_155365.jpg,0.34005534648895264
143,389,"boS-120,5.jpg",464377,1579753,image_362063.jpg,0.3167101740837097
144,226,"bgE-169,12.jpg",487489,1027847,image_298112.jpg,0.5472467541694641
145,24,"anES-54,20.jpg",349918,0413168,image_189273.jpg,0.3587663471698761
146,151,"bbLS-72,11.jpg",463991,1195855,image_318958.jpg,0.39250558614730835
147,222,"bgE-11,16.jpg",206527,0005299,image_94197.jpg,0.3667188286781311
148,635,"maL-39,1.jpg",435338,1036527,image_299471.jpg,0.3491186499595642
149,268,"bgM-64,3.jpg",201599,1128572,image_310875.jpg,0.3397285044193268
150,706,"paB-47,14.jpg",283885,2210588,image_410549.jpg,0.3232133984565735
151,339,"boEM-64,6.jpg",357176,1519666,image_355534.jpg,0.28883785009384155
152,560,"giMB-90,10.jpg",459362,0670408,image_238203.jpg,0.35166504979133606
153,631,"maL-25,13.jpg",373124,4391932,image_484222.jpg,0.4032211899757385
154,264,"bgM-189,7.jpg",368156,3510471,image_471079.jpg,0.37212228775024414
155,677,"maSE-32,3.jpg",383729,0498536,image_203525.jpg,0.33585578203201294
156,748,"paL-70,15.jpg",132148,2811177,image_447322.jpg,0.35328322649002075
157,260,"bgM-113,14.jpg",235012,1478996,image_351561.jpg,0.33627989888191223
158,673,"maS-64,12.jpg",42569,0131564,image_130534.jpg,0.3541034460067749
159,377,"boP-151,15.jpg",322829,4098557,image_481486.jpg,0.40386059880256653
160,214,"bgB-55,1.jpg",43816,2177289,image_408112.jpg,0.3576267957687378
161,786,"paSP-83,11.jpg",221296,1352774,image_336361.jpg,0.596005916595459
162,210,"bgB-192,10.jpg",332440,3019109,image_456778.jpg,0.3678571879863739
163,623,"maI-173,4.jpg",83375,0022323,image_110546.jpg,0.3204417824745178
164,327,"boE-141,4.jpg",224330,1554887,image_359032.jpg,0.466574102640152
165,27,"anI-186,1.jpg",345910,1559935,image_359885.jpg,0.38054144382476807
166,252,"bgL-78,3.jpg",305696,2254914,image_413796.jpg,0.33739954233169556
167,323,"boE-114,1.jpg",162256,0572442,image_218819.jpg,0.44101056456565857
168,736,"paL-106,7.jpg",434872,0260300,image_157606.jpg,0.3113690912723541
169,369,"boM-84,1.jpg",206862,3150050,image_461382.jpg,0.43071794509887695
170,75,"anS-48,11.jpg",345910,1559935,image_359885.jpg,0.3456038236618042
171,661,"maS-141,1.jpg",293025,0698251,image_242853.jpg,0.30299633741378784
172,294,"bgS-68,9.jpg",470353,2471798,image_428826.jpg,0.3136957883834839
173,732,"paI-73,8.jpg",272796,0005023,image_83341.jpg,0.37987440824508667
174,365,"boM-189,2.jpg",226343,1415323,image_343582.jpg,0.3868962526321411
175,778,"paPI-0,17.jpg",487489,1027847,image_298112.jpg,0.44453683495521545
176,849,"pcS-153,2.jpg",358023,0069079,image_118895.jpg,0.35301029682159424
177,290,"bgS-130,1.jpg",274064,0919117,image_281971.jpg,0.39085960388183594
178,774,"paP-75,12.jpg",151999,4939017,image_489021.jpg,0.3114144802093506
179,70,"anS-154,4.jpg",192466,2221236,image_411384.jpg,0.32592764496803284
180,315,"boB-169,9.jpg",224330,1554887,image_359032.jpg,0.5622601509094238
181,240,"bgIM-39,7.jpg",247439,3232025,image_464292.jpg,0.35148417949676514
182,311,"bgW-96,10.jpg",316427,3779137,image_476529.jpg,0.34529006481170654
183,724,"paI-133,2.jpg",154816,0242882,image_154173.jpg,0.32044917345046997
184,357,"boL-167,7.jpg",65108,1265067,image_326470.jpg,0.3753679394721985
185,428,"gfE-9,3.jpg",71539,0160004,image_136227.jpg,0.4958157241344452
186,720,"paEP-27,8.jpg",214409,0429069,image_192774.jpg,0.3029802739620209
187,353,"boL-11,1.jpg",337472,0686818,image_240600.jpg,0.43688005208969116
188,766,"paP-191,3.jpg",48540,1873204,image_386569.jpg,0.32484158873558044
189,837,"pcM-92,9.jpg",457150,1036691,image_299505.jpg,0.31950879096984863
190,78,"anS-89,2.jpg",126096,2315359,image_417211.jpg,0.3177948594093323
191,762,"paMW-14,20.jpg",482523,0005311,image_94972.jpg,0.41198408603668213
192,395,"boS-34,12.jpg",60159,0000551,image_24748.jpg,0.5652648210525513
193,466,"gfM-163,4.jpg",225257,0334159,image_173386.jpg,0.348772794008255
194,879,"pcWS-34,16.jpg",111744,0000498,image_21067.jpg,0.3748749792575836
195,303,"bgW-163,7.jpg",355499,0481547,image_200550.jpg,0.27854424715042114
196,391,"boS-174,8.jpg",295384,0528331,image_210863.jpg,0.3309940695762634
197,875,"pcW-7,9.jpg",255934,2125540,image_405019.jpg,0.28990790247917175
198,73,"anS-39,1.jpg",401860,0005381,image_97656.jpg,0.32134386897087097
199,712,"paE-131,10.jpg",80543,3188373,image_462711.jpg,0.3000340163707733
200,416,"gfB-1,5.jpg",462555,2017943,image_397460.jpg,0.36115992069244385
201,829,"pcM-10,3.jpg",158181,1947468,image_391873.jpg,0.3033962845802307
202,43,"anL-71,1.jpg",337919,0609182,image_226266.jpg,0.33850204944610596
203,341,"boEW-46,16.jpg",224330,1554887,image_359032.jpg,0.5872331857681274
204,412,"gfB-105,14.jpg",423813,0101799,image_124465.jpg,0.38925090432167053
205,825,"pcL-59,1.jpg",125889,0385293,image_184289.jpg,0.31217318773269653
206,458,"gfL-76,1.jpg",66290,2331282,image_418429.jpg,0.5001441836357117
207,529,"giI-28,7.jpg",463094,0001802,image_61620.jpg,0.4446832537651062
208,750,"paLM-33,17.jpg",451044,5211815,image_490513.jpg,0.4393361806869507
209,383,"boP-45,8.jpg",224330,1554887,image_359032.jpg,0.4543602466583252
210,821,"pcL-137,6.jpg",413044,1162439,image_315414.jpg,0.3014422059059143
211,454,"gfL-198,2.jpg",286193,2966708,image_454684.jpg,0.35982370376586914
212,6,"anB-73,6.jpg",318919,1377184,image_338754.jpg,0.3415025472640991
213,867,"pcW-19,2.jpg",85653,1397297,image_341317.jpg,0.3438170850276947
214,938,"woLP-73,8.jpg",102459,1724323,image_374462.jpg,0.3802333474159241
215,792,"paW-22,7.jpg",461466,1417647,image_344214.jpg,0.33928778767585754
216,863,"pcW-166,1.jpg",415192,0001774,image_60687.jpg,0.33841001987457275
217,496,"gfW-51,13.jpg",38404,0831557,image_267774.jpg,0.3975638151168823
218,3,"anB-194,6.jpg",334594,0005214,image_90986.jpg,0.34439989924430847
219,700,"paB-175,13.jpg",372725,2064928,image_400524.jpg,0.36469805240631104
220,404,"boW-149,1.jpg",364285,1460812,image_349711.jpg,0.4002588391304016
221,492,"gfW-175,10.jpg",382160,0781981,image_259472.jpg,0.4203699827194214
222,108,"bbE-30,1.jpg",98853,2953537,image_453501.jpg,0.29060807824134827
223,400,"boSW-71,4.jpg",90742,1882929,image_387175.jpg,0.35362133383750916
224,813,"pcI-42,5.jpg",172307,0452963,image_197009.jpg,0.3290468454360962
225,446,"gfL-110,1.jpg",457770,0001488,image_51512.jpg,0.5184352397918701
226,517,"giE-57,1.jpg",221296,1352774,image_336361.jpg,0.6907355785369873
227,46,"anLW-12,7.jpg",178559,2030779,image_398411.jpg,0.3317660689353943
228,371,"boML-67,20.jpg",418845,0001841,image_63209.jpg,0.3839282989501953
229,442,"gfIL-18,17.jpg",222366,0524197,image_209840.jpg,0.3573172092437744
230,146,"bbL-74,6.jpg",337472,0686818,image_240600.jpg,0.4782436788082123
231,855,"pcS-46,1.jpg",86863,0372117,image_181706.jpg,0.31596219539642334
232,926,"woL-14,11.jpg",116239,1989961,image_395804.jpg,0.3204144239425659
233,559,"giMB-76,11.jpg",175244,3970180,image_480085.jpg,0.4162631630897522
234,780,"paS-113,14.jpg",77758,0806217,image_263343.jpg,0.4409773647785187
235,851,"pcS-183,7.jpg",264950,0001714,image_58737.jpg,0.3064081072807312
236,484,"gfS-56,4.jpg",106739,0137365,image_132386.jpg,0.31784218549728394
237,555,"giM-81,1.jpg",228553,0122886,image_128446.jpg,0.3471052646636963
238,188,"bbS-164,1.jpg",152868,1021417,image_296845.jpg,0.4002911448478699
239,41,"anL-43,3.jpg",376078,0005278,image_93619.jpg,0.3310045003890991
240,968,"woPM-9,16.jpg",402539,0500200,image_203733.jpg,0.3210564851760864
241,480,"gfS-179,8.jpg",70519,2315511,image_417313.jpg,0.3687766492366791
242,893,"woE-134,2.jpg",416958,0940362,image_288057.jpg,0.3164944350719452
243,509,"giE-101,14.jpg",184185,1276442,image_327976.jpg,0.4008236527442932
244,964,"woP-79,4.jpg",43816,2177289,image_408112.jpg,0.3403834104537964
245,597,"giWI-85,9.jpg",229938,1057116,image_301535.jpg,0.36761385202407837
246,11,"anE-103,10.jpg",98137,0279545,image_162929.jpg,0.28197360038757324
247,801,"pcB-56,4.jpg",295224,0528331,image_210966.jpg,0.3173263669013977
248,505,"giBS-74,15.jpg",380648,2452520,image_427486.jpg,0.330075204372406
249,138,"bbL-10,4.jpg",98783,2953537,image_453493.jpg,0.33653169870376587
250,209,"bbWM-23,14.jpg",28984,2057726,image_399833.jpg,0.39593786001205444
251,918,"woI-3,3.jpg",316516,2885819,image_450471.jpg,0.36844226717948914
252,430,"gfEP-80,16.jpg",188080,2811073,image_447315.jpg,0.3416988253593445
253,501,"giB-183,1.jpg",184820,1855099,image_384918.jpg,0.36794066429138184
254,134,"bbI-9,5.jpg",438637,4448255,image_484727.jpg,0.31823980808258057
255,914,"woI-107,1.jpg",253611,2344269,image_419360.jpg,0.2948986291885376
256,547,"giM-144,5.jpg",487489,1027847,image_298112.jpg,0.5627479553222656
257,618,"maI-13,2.jpg",29443,0771414,image_257987.jpg,0.35487276315689087
258,49,"anM-109,8.jpg",313629,1627969,image_365611.jpg,0.3426758050918579
259,472,"gfP-122,1.jpg",457460,2046161,image_399120.jpg,0.33158057928085327
260,543,"giL-60,1.jpg",9075,0624900,image_228530.jpg,0.3225841522216797
261,176,"bbP-85,2.jpg",84377,1199888,image_319278.jpg,0.2936168313026428
262,956,"woP-174,9.jpg",354430,1968854,image_393601.jpg,0.3001268804073334
263,589,"giW-129,13.jpg",270172,0491952,image_202466.jpg,0.38245540857315063
264,19,"anE-68,6.jpg",102970,4321164,image_483497.jpg,0.33331298828125
265,97,"bbB-22,13.jpg",58619,2111515,image_404263.jpg,0.37912675738334656
266,881,"woB-151,12.jpg",131772,0819079,image_265909.jpg,0.3387450575828552
267,952,"woME-82,20.jpg",261853,0002436,image_66583.jpg,0.35954657196998596
268,585,"giSP-59,15.jpg",273676,1342727,image_335319.jpg,0.35691291093826294
269,289,"bgS-129,2.jpg",224330,1554887,image_359032.jpg,0.68024742603302
270,998,"woWB-79,10.jpg",69287,0704270,image_244237.jpg,0.3318278193473816
271,126,"bbI-155,1.jpg",52309,1564087,image_360289.jpg,0.5248790383338928
272,994,"woW-69,1.jpg",455912,0870175,image_273971.jpg,0.35145026445388794
273,14,"anE-170,1.jpg",43389,2691892,image_441546.jpg,0.34452131390571594
274,698,"paB-142,14.jpg",22367,0000210,image_8049.jpg,0.36941152811050415
275,92,"anWE-15,18.jpg",224330,1554887,image_359032.jpg,0.6675498485565186
276,122,"bbI-133,4.jpg",119794,2311683,image_416863.jpg,0.4149528741836548
277,902,"woE-73,1.jpg",350050,0413168,image_189524.jpg,0.321286141872406
278,535,"giI-9,1.jpg",448074,3029344,image_457044.jpg,0.35552090406417847
279,606,"maE-12,6.jpg",203275,0358316,image_178488.jpg,0.32654693722724915
280,239,"bgIB-48,20.jpg",226900,2312345,image_416926.jpg,0.38362887501716614
281,460,"gfLW-61,2.jpg",363740,2965079,image_454327.jpg,0.37107133865356445
282,531,"giI-41,1.jpg",464866,3287038,image_465419.jpg,0.36999818682670593
283,164,"bbM-75,10.jpg",85374,1324105,image_333504.jpg,0.3672712445259094
284,235,"bgI-50,2.jpg",280810,2845802,image_449047.jpg,0.3400759696960449
285,944,"woM-144,7.jpg",356688,0434444,image_193800.jpg,0.3440106511116028
286,648,"maML-20,1.jpg",182741,0000982,image_37663.jpg,0.3514423966407776
287,160,"bbM-196,7.jpg",119794,2311683,image_416863.jpg,0.4140440821647644
288,940,"woM-0,19.jpg",343826,0785452,image_260108.jpg,0.37518593668937683
289,573,"giS-137,7.jpg",293729,0574534,image_219289.jpg,0.35068923234939575
290,644,"maM-12,1.jpg",397023,0521974,image_209570.jpg,0.2890516519546509
291,277,"bgP-17,1.jpg",348044,2201555,image_409946.jpg,0.3095785081386566
292,114,"bbE-72,2.jpg",267351,3964350,image_480004.jpg,0.34799954295158386
293,982,"woW-149,4.jpg",183604,0301959,image_166320.jpg,0.3341436982154846
294,686,"maW-57,5.jpg",50644,1390614,image_340328.jpg,0.383955717086792
295,110,"bbE-3,1.jpg",301254,0366667,image_180856.jpg,0.3019244074821472
296,523,"giI-117,15.jpg",473487,1092107,image_306566.jpg,0.29270631074905396
297,227,"bgE-176,6.jpg",323271,2692146,image_441623.jpg,0.4852302074432373
298,17,"anE-21,2.jpg",476206,0134072,image_131179.jpg,0.33734452724456787
299,152,"bbM-100,15.jpg",120580,0195164,image_144223.jpg,0.34905609488487244
300,223,"bgE-121,5.jpg",367649,0013037,image_109194.jpg,0.41715651750564575
301,932,"woL-35,15.jpg",487489,1027847,image_298112.jpg,0.5089448690414429
302,636,"maL-49,15.jpg",63696,0663469,image_236898.jpg,0.35076722502708435
303,269,"bgM-96,4.jpg",120580,0195164,image_144223.jpg,0.3679698705673218
304,707,"paB-59,3.jpg",412382,0004753,image_72908.jpg,0.28753983974456787
305,65,"anP-198,15.jpg",184185,1276442,image_327976.jpg,0.3780626952648163
306,561,"giML-3,7.jpg",77758,0806217,image_263343.jpg,0.4133618474006653
307,194,"bbS-94,5.jpg",231599,0000775,image_34140.jpg,0.4319295883178711
308,632,"maL-2,6.jpg",161915,0000233,image_9028.jpg,0.379928320646286
309,265,"bgM-190,12.jpg",346103,3013806,image_456301.jpg,0.37038421630859375
310,678,"maSE-78,10.jpg",89985,0498449,image_203480.jpg,0.3349817395210266
311,749,"paL-71,2.jpg",316516,2885819,image_450471.jpg,0.3241339325904846
312,190,"bbS-179,14.jpg",298965,1036181,image_299012.jpg,0.3789607882499695
313,970,"woS-126,8.jpg",140546,0792542,image_261699.jpg,0.310546875
314,674,"maS-98,1.jpg",211838,0100866,image_124259.jpg,0.3574007749557495
315,378,"boP-177,1.jpg",224330,1554887,image_359032.jpg,0.5410709381103516
316,60,"anP-10,1.jpg",377281,4198135,image_482604.jpg,0.34668442606925964
317,215,"bgB-65,5.jpg",318945,0253143,image_156497.jpg,0.3502401113510132
318,787,"paSP-98,9.jpg",207712,3347587,image_467181.jpg,0.3121834695339203
319,140,"bbL-118,14.jpg",224330,1554887,image_359032.jpg,0.5635116100311279
320,211,"bgB-21,1.jpg",116774,0929489,image_284607.jpg,0.41626453399658203
321,624,"maI-176,5.jpg",386055,3981496,image_480288.jpg,0.35285764932632446
322,328,"boE-16,10.jpg",52309,1564087,image_360289.jpg,0.5525381565093994
323,620,"maI-139,8.jpg",13714,0666739,image_237575.jpg,0.3692032992839813
324,253,"bgL-79,4.jpg",322782,2310307,image_416847.jpg,0.34547966718673706
325,666,"maS-171,10.jpg",75780,0001063,image_39739.jpg,0.3164134919643402
326,737,"paL-109,2.jpg",267502,2773091,image_445190.jpg,0.39673668146133423
327,68,"anPB-62,3.jpg",426513,0232998,image_152393.jpg,0.34826475381851196
328,662,"maS-14,15.jpg",9879,0001086,image_40993.jpg,0.414481520652771
329,295,"bgS-78,6.jpg",900,2107055,image_403953.jpg,0.3166293799877167
330,366,"boM-196,2.jpg",362511,1056659,image_301406.jpg,0.31852322816848755
331,779,"paS-11,13.jpg",30009,0191442,image_143061.jpg,0.3232804536819458
332,203,"bbW-42,15.jpg",480864,0098378,image_123271.jpg,0.3692694902420044
333,291,"bgS-146,7.jpg",267324,3964350,image_479985.jpg,0.3618619441986084
334,775,"paPB-16,14.jpg",345325,0000499,image_21289.jpg,0.32099777460098267
335,63,"anP-145,1.jpg",311220,0661917,image_236485.jpg,0.33347803354263306
336,612,"maE-7,11.jpg",466116,3072243,image_458585.jpg,0.3297712206840515
337,316,"boB-39,4.jpg",452162,1248373,image_324798.jpg,0.32879209518432617
338,33,"anI-63,2.jpg",140892,1395858,image_340943.jpg,0.3212202787399292
339,241,"bgIW-10,10.jpg",152868,1021417,image_296845.jpg,0.34325551986694336
340,312,"boB-126,6.jpg",459330,1989779,image_395740.jpg,0.31003499031066895
341,725,"paI-15,10.jpg",144232,0471381,image_199408.jpg,0.42842817306518555
342,358,"boL-172,1.jpg",224330,1554887,image_359032.jpg,0.4154224395751953
343,429,"gfEI-1,2.jpg",418845,0001841,image_63209.jpg,0.3341257870197296
344,650,"maP-150,2.jpg",196101,0719637,image_247508.jpg,0.32098057866096497
345,283,"bgP-50,4.jpg",460554,0005119,image_87267.jpg,0.31225618720054626
346,721,"paEW-45,9.jpg",38200,2169537,image_407659.jpg,0.317959189414978
347,354,"boL-113,8.jpg",224330,1554887,image_359032.jpg,0.6257147789001465
348,5,"anB-37,15.jpg",272231,0164929,image_136940.jpg,0.33142274618148804
349,767,"paP-27,6.jpg",477036,2368981,image_421586.jpg,0.3488227128982544
350,838,"pcP-123,4.jpg",185435,0740264,image_251582.jpg,0.34915056824684143
351,692,"maWM-63,2.jpg",291036,1913734,image_389295.jpg,0.29082924127578735
352,763,"paP-108,2.jpg",478346,0000275,image_10544.jpg,0.3054974675178528
353,396,"boS-81,15.jpg",451734,1433588,image_346372.jpg,0.31146737933158875
354,2,"anB-128,12.jpg",345338,0000499,image_21203.jpg,0.3894196152687073
355,304,"bgW-21,10.jpg",246187,0689237,image_241588.jpg,0.5202577114105225
356,392,"boS-181,13.jpg",443632,0338292,image_174300.jpg,0.6597580909729004
357,300,"bgW-12,5.jpg",351103,3363032,image_467493.jpg,0.3812292814254761
358,713,"paE-143,6.jpg",82862,3037833,image_457375.jpg,0.299761563539505
359,346,"boI-171,7.jpg",29191,0184691,image_141066.jpg,0.33643025159835815
360,417,"gfB-167,11.jpg",201669,1128572,image_310814.jpg,0.43119633197784424
361,36,"anIB-53,15.jpg",121374,2596357,image_435601.jpg,0.5274664163589478
362,342,"boI-0,3.jpg",463094,0001802,image_61620.jpg,0.39177027344703674
363,755,"paM-6,7.jpg",352513,2427285,image_425872.jpg,0.3358856439590454
364,826,"pcL-60,13.jpg",476547,1065454,image_302737.jpg,0.31297239661216736
365,459,"gfL-91,14.jpg",158439,0124208,image_129046.jpg,0.41507694125175476
366,751,"paM-112,3.jpg",36177,2070868,image_401370.jpg,0.3117980360984802
367,384,"boP-57,2.jpg",126096,2315359,image_417211.jpg,0.3662920296192169
368,455,"gfL-46,5.jpg",95655,0571727,image_218692.jpg,0.3399513065814972
369,31,"anI-57,5.jpg",451046,5211815,image_490522.jpg,0.34480226039886475
370,868,"pcW-40,9.jpg",252593,1429380,image_345716.jpg,0.324970006942749
371,380,"boP-184,3.jpg",198564,2586351,image_435206.jpg,0.3592595160007477
372,793,"paW-27,5.jpg",346517,0768154,image_257634.jpg,0.3864160180091858
373,409,"boWE-3,2.jpg",392614,0751018,image_254572.jpg,0.4147096872329712
374,864,"pcW-174,10.jpg",79614,2753160,image_444168.jpg,0.3843457102775574
375,497,"gfW-60,10.jpg",292036,0005128,image_87925.jpg,0.36796051263809204
376,701,"paB-188,14.jpg",221296,1352774,image_336361.jpg,0.5708826780319214
377,405,"boW-168,6.jpg",221296,1352774,image_336361.jpg,0.6205422878265381
378,109,"bbE-31,1.jpg",482682,1325419,image_333766.jpg,0.333176851272583
379,818,"pcIP-42,17.jpg",175749,1679478,image_370356.jpg,0.38606125116348267
380,330,"boE-186,1.jpg",224330,1554887,image_359032.jpg,0.5338325500488281
381,401,"boSW-99,5.jpg",90744,1882929,image_387174.jpg,0.32908186316490173
382,814,"pcI-47,13.jpg",161271,1796520,image_380681.jpg,0.3392866849899292
383,447,"gfL-110,3.jpg",315560,1366616,image_337399.jpg,0.35146960616111755
384,518,"giE-72,11.jpg",66553,3773347,image_476409.jpg,0.34788990020751953
385,39,"anL-189,9.jpg",357412,0909620,image_279266.jpg,0.4391583204269409
386,372,"boMP-21,12.jpg",298387,3821465,image_477298.jpg,0.3017835021018982
387,810,"pcE-88,5.jpg",253154,0004941,image_80201.jpg,0.3835713267326355
388,443,"gfIL-49,7.jpg",322789,2310307,image_416838.jpg,0.2965008020401001
389,856,"pcS-54,13.jpg",444910,1741002,image_376550.jpg,0.34360405802726746
390,489,"gfW-116,6.jpg",460235,4000704,image_480615.jpg,0.3610515594482422
391,927,"woL-143,4.jpg",198025,0432657,image_193755.jpg,0.2887299060821533
392,87,"anW-35,12.jpg",86716,1925057,image_390020.jpg,0.5367469191551208
393,781,"paS-12,11.jpg",227741,2313103,image_416947.jpg,0.30519479513168335
394,852,"pcS-28,13.jpg",66290,2331282,image_418429.jpg,0.6029637455940247
395,485,"gfS-8,6.jpg",224330,1554887,image_359032.jpg,0.44567424058914185
396,1000,"woWS-60,5.jpg",346143,1666555,image_368642.jpg,0.3403702676296234
397,189,"bbS-173,11.jpg",345910,1559935,image_359885.jpg,0.35539352893829346
398,898,"woE-24,1.jpg",219167,0241049,image_153645.jpg,0.4053815007209778
399,969,"woS-116,1.jpg",54025,0048414,image_114456.jpg,0.3196568787097931
400,481,"gfS-39,7.jpg",292920,1253636,image_325280.jpg,0.296000599861145
401,894,"woE-160,9.jpg",80636,2027650,image_398292.jpg,0.3061283826828003
402,598,"giWL-34,2.jpg",277513,0519456,image_209196.jpg,0.5143016576766968
403,82,"anW-106,10.jpg",128512,0304065,image_167027.jpg,0.3302171230316162
404,802,"pcE-108,4.jpg",246913,0377281,image_182815.jpg,0.30633819103240967
405,435,"gfI-119,6.jpg",454024,1301070,image_330604.jpg,0.32804861664772034
406,890,"woBI-96,2.jpg",48227,0201022,image_146069.jpg,0.29859259724617004
407,506,"giBW-36,13.jpg",375900,1382356,image_339560.jpg,0.3490506708621979
408,139,"bbL-114,3.jpg",299528,4296357,image_483153.jpg,0.393745481967926
409,919,"woI-40,10.jpg",30095,1900782,image_388496.jpg,0.4216615557670593
410,431,"gfES-32,1.jpg",266682,3738662,image_475785.jpg,0.33504438400268555
411,135,"bbIE-71,5.jpg",908,2107055,image_403952.jpg,0.3494928479194641
412,844,"pcPL-12,10.jpg",85653,1397297,image_341317.jpg,0.3498625159263611
413,915,"woI-112,7.jpg",166607,1740127,image_376452.jpg,0.34216511249542236
414,548,"giM-182,1.jpg",482523,0005311,image_94972.jpg,0.3975309133529663
415,840,"pcP-51,1.jpg",469989,0876138,image_274570.jpg,0.32830917835235596
416,473,"gfP-13,2.jpg",399857,0000637,image_30043.jpg,0.3489268124103546
417,544,"giLI-43,3.jpg",186785,2419686,image_425537.jpg,0.41940629482269287
418,177,"bbP-90,6.jpg",62186,4748456,image_487764.jpg,0.34439367055892944
419,957,"woP-176,12.jpg",323837,2338525,image_418911.jpg,0.3675945997238159
420,882,"woB-16,14.jpg",467971,0941967,image_288634.jpg,0.32942870259284973
421,953,"woMI-28,8.jpg",121374,2596357,image_435601.jpg,0.4224417805671692
422,586,"giW-107,2.jpg",43086,0573862,image_219107.jpg,0.2984623908996582
423,999,"woWE-86,4.jpg",358023,0069079,image_118895.jpg,0.32461005449295044
424,127,"bbI-18,14.jpg",409618,0356017,image_178095.jpg,0.3234514892101288
425,907,"woEM-19,13.jpg",381289,0299050,image_165888.jpg,0.3443019986152649
426,995,"woW-71,1.jpg",122455,0004825,image_75834.jpg,0.3290625512599945
427,123,"bbI-137,6.jpg",336143,0000107,image_963.jpg,0.29611653089523315
428,903,"woEI-48,15.jpg",29443,0771414,image_257987.jpg,0.49863871932029724
429,536,"giIE-56,11.jpg",285175,0005011,image_82985.jpg,0.3231559693813324
430,169,"bbMW-5,1.jpg",91670,2117181,image_404727.jpg,0.30656811594963074
431,607,"maE-136,15.jpg",451192,1433588,image_346575.jpg,0.33198487758636475
432,55,"anM-25,6.jpg",128147,1063542,image_302096.jpg,0.3104143440723419
433,461,"gfM-104,2.jpg",415894,1545471,image_357998.jpg,0.46931949257850647
434,532,"giI-63,2.jpg",92095,2075994,image_401486.jpg,0.3530580997467041
435,165,"bbM-86,8.jpg",120886,1851640,image_384487.jpg,0.38350409269332886
436,945,"woM-162,2.jpg",439077,1065664,image_302962.jpg,0.3849267363548279
437,578,"giS-26,15.jpg",152868,1021417,image_296845.jpg,0.4283449947834015
438,649,"maP-148,12.jpg",319728,1008709,image_294076.jpg,0.2950100898742676
439,161,"bbM-36,3.jpg",307598,1988111,image_395630.jpg,0.366330087184906
440,870,"pcW-43,15.jpg",322832,4098557,image_481471.jpg,0.345237135887146
441,941,"woM-10,13.jpg",221296,1352774,image_336361.jpg,0.5996554493904114
442,574,"giS-177,6.jpg",162480,0498956,image_203700.jpg,0.2971189618110657
443,278,"bgP-19,15.jpg",461432,3461570,image_470092.jpg,0.41970914602279663
444,987,"woW-37,10.jpg",184185,1276442,image_327976.jpg,0.38044309616088867
445,50,"anM-15,19.jpg",260225,2265157,image_414761.jpg,0.41586071252822876
446,115,"bbEB-53,9.jpg",368899,0004770,image_73677.jpg,0.31753459572792053
447,983,"woW-153,12.jpg",279995,2183803,image_408596.jpg,0.4970604181289673
448,687,"maW-66,5.jpg",34452,1214605,image_321488.jpg,0.3801190257072449
449,111,"bbE-45,8.jpg",224330,1554887,image_359032.jpg,0.6563640832901001
450,524,"giI-126,4.jpg",454026,1301070,image_330602.jpg,0.3623430132865906
451,228,"bgEB-33,13.jpg",28540,2524048,image_430866.jpg,0.3698807954788208
452,520,"giE-91,14.jpg",56837,2584600,image_435092.jpg,0.309845507144928
453,153,"bbM-102,6.jpg",37714,0000362,image_14918.jpg,0.38272976875305176
454,224,"bgE-14,6.jpg",219167,0241049,image_153645.jpg,0.3131662607192993
455,933,"woL-47,5.jpg",280607,1278926,image_328048.jpg,0.3148057460784912
456,637,"maL-63,3.jpg",393577,2642694,image_438567.jpg,0.3580327033996582
457,58,"anM-54,4.jpg",230934,3994408,image_480439.jpg,0.4511932134628296
458,562,"giMS-38,2.jpg",75946,1667364,image_368990.jpg,0.32496532797813416
459,195,"bbSB-6,1.jpg",269060,0651451,image_233959.jpg,0.3496450185775757
460,633,"maL-32,4.jpg",415486,0408081,image_188342.jpg,0.33125269412994385
461,266,"bgM-197,15.jpg",162052,0000233,image_9232.jpg,0.364958256483078
462,679,"maSI-29,18.jpg",443632,0338292,image_174300.jpg,0.6843226552009583
463,191,"bbS-23,17.jpg",28540,2524048,image_430866.jpg,0.3128208518028259
464,971,"woS-149,12.jpg",162326,4674232,image_487018.jpg,0.37921690940856934
465,675,"maSB-85,18.jpg",104702,2066104,image_400559.jpg,0.5076897144317627
466,512,"giE-178,6.jpg",337263,0329481,image_171951.jpg,0.34295767545700073
467,216,"bgB-67,2.jpg",252649,1429380,image_345744.jpg,0.32362100481987
468,23,"anEP-69,16.jpg",470227,2419161,image_425436.jpg,0.576137363910675
469,141,"bbL-18,2.jpg",276045,2121541,image_404861.jpg,0.32641440629959106
470,212,"bgB-42,10.jpg",75692,2302117,image_416489.jpg,0.37846845388412476
471,921,"woI-71,20.jpg",277915,2222264,image_411520.jpg,0.33502447605133057
472,625,"maI-42,10.jpg",42851,0004960,image_80578.jpg,0.32918381690979004
473,258,"bgM-100,11.jpg",66290,2331282,image_418429.jpg,0.489611953496933
474,329,"boE-167,9.jpg",345910,1559935,image_359885.jpg,0.463692843914032
475,550,"giM-191,2.jpg",232119,2340323,image_419066.jpg,0.4351463317871094
476,183,"bbS-115,14.jpg",326274,2357847,image_420527.jpg,0.37349310517311096
477,621,"maI-140,7.jpg",52309,1564087,image_360289.jpg,0.4341442883014679
478,254,"bgLE-26,12.jpg",254230,1908742,image_388854.jpg,0.3179470896720886
479,4,"anB-20,9.jpg",229516,0005064,image_85411.jpg,0.35221657156944275
480,667,"maS-181,5.jpg",9925,0001086,image_40832.jpg,0.3168262839317322
481,738,"paL-131,14.jpg",273311,3121911,image_460384.jpg,0.34865331649780273
482,592,"giW-21,12.jpg",244878,3285044,image_465316.jpg,0.4054162800312042
483,663,"maS-147,8.jpg",421323,0579331,image_219747.jpg,0.333299458026886
484,296,"bgSP-38,12.jpg",7087,1506663,image_354575.jpg,0.3079072833061218
485,1,"anB-107,3.jpg",60967,1130627,image_311316.jpg,0.3254067301750183
486,367,"boM-22,12.jpg",120866,1851640,image_384474.jpg,0.4185556173324585
487,204,"bbW-49,6.jpg",390453,0005266,image_93190.jpg,0.3728906512260437
488,292,"bgS-181,4.jpg",482324,2965656,image_454449.jpg,0.34236565232276917
489,776,"paPE-16,15.jpg",52309,1564087,image_360289.jpg,0.4680008292198181
490,200,"bbW-20,1.jpg",187765,2862041,image_449828.jpg,0.4026378393173218
491,613,"maE-87,2.jpg",228151,0130536,image_130353.jpg,0.3288366198539734
492,317,"boB-49,9.jpg",327747,1836720,image_383292.jpg,0.3063681125640869
493,26,"anI-138,11.jpg",416408,0559144,image_215849.jpg,0.33791983127593994
494,242,"bgIW-56,15.jpg",908,2107055,image_403952.jpg,0.4350775480270386
495,655,"maP-82,12.jpg",343054,0532829,image_212013.jpg,0.35954582691192627
496,726,"paI-156,7.jpg",324363,0004975,image_80918.jpg,0.3783128261566162
497,359,"boL-177,4.jpg",106413,0428065,image_192604.jpg,0.32193896174430847
498,74,"anS-44,15.jpg",152868,1021417,image_296845.jpg,0.44339868426322937
499,651,"maP-22,9.jpg",487992,1659348,image_367887.jpg,0.3516014516353607
500,284,"bgP-70,2.jpg",397404,0005438,image_99883.jpg,0.33213096857070923
501,355,"boL-15,3.jpg",336792,3056623,image_458117.jpg,0.3137887716293335
502,768,"paP-39,12.jpg",83344,1148573,image_313851.jpg,0.33236163854599
503,839,"pcP-123,5.jpg",185154,1458163,image_349541.jpg,0.35478639602661133
504,280,"bgP-27,3.jpg",77326,0467572,image_198803.jpg,0.32959192991256714
505,693,"maWS-28,5.jpg",445008,1741002,image_376588.jpg,0.31659650802612305
506,764,"paP-134,4.jpg",455053,0001602,image_55248.jpg,0.32203710079193115
507,397,"boSM-22,7.jpg",19754,0504762,image_204799.jpg,0.33514827489852905
508,601,"maB-77,6.jpg",365033,1147477,image_313786.jpg,0.3763722777366638
509,305,"bgW-23,5.jpg",206278,0176981,image_139099.jpg,0.3251591920852661
510,230,"bgEW-95,5.jpg",54074,3653572,image_474371.jpg,0.475477397441864
511,301,"bgW-13,3.jpg",355250,1187591,image_318117.jpg,0.3283754289150238
512,714,"paE-188,8.jpg",463094,0001802,image_61620.jpg,0.3640097379684448
513,347,"boI-62,6.jpg",224330,1554887,image_359032.jpg,0.6591606140136719
514,418,"gfB-31,1.jpg",75946,1667364,image_368990.jpg,0.28606653213500977
515,29,"anI-3,4.jpg",306352,0143295,image_133240.jpg,0.3025856018066406
516,272,"bgP-119,11.jpg",13774,0666739,image_237453.jpg,0.3276175558567047
517,710,"paBS-2,19.jpg",267305,3964350,image_479951.jpg,0.3521628975868225
518,343,"boI-135,1.jpg",56817,2584600,image_435118.jpg,0.4568626582622528
519,756,"paM-76,3.jpg",487489,1027847,image_298112.jpg,0.4686284065246582
520,827,"pcLE-8,1.jpg",86449,2554724,image_433213.jpg,0.4010234773159027
521,77,"anS-78,10.jpg",450472,1083199,image_304963.jpg,0.32193291187286377
522,681,"maSW-65,20.jpg",86716,1925057,image_390020.jpg,0.3703513443470001
523,752,"paM-122,1.jpg",487489,1027847,image_298112.jpg,0.3333865702152252
524,385,"boP-77,15.jpg",10610,0411569,image_188858.jpg,0.31886276602745056
525,798,"paWP-24,18.jpg",345910,1559935,image_359885.jpg,0.41921836137771606
526,869,"pcW-4,18.jpg",270350,2336113,image_418590.jpg,0.30941063165664673
527,381,"boP-26,1.jpg",476280,0134072,image_131227.jpg,0.6614874005317688
528,794,"paW-29,9.jpg",256833,2875873,image_450225.jpg,0.3753203749656677
529,498,"gfWB-87,10.jpg",224330,1554887,image_359032.jpg,0.6616617441177368
530,72,"anS-192,5.jpg",18152,0111013,image_126451.jpg,0.35370615124702454
531,702,"paB-197,15.jpg",9879,0001086,image_40993.jpg,0.5436563491821289
532,335,"boE-61,15.jpg",484660,1443306,image_347464.jpg,0.3048000931739807
533,790,"paW-161,2.jpg",79974,0316079,image_169455.jpg,0.3500173091888428
534,406,"boW-169,2.jpg",105094,3842480,image_477575.jpg,0.3324713408946991
535,819,"pcIW-10,17.jpg",460803,2773075,image_445171.jpg,0.33217132091522217
536,331,"boE-198,14.jpg",402598,0500200,image_203787.jpg,0.3561474680900574
537,744,"paL-25,3.jpg",402238,1075644,image_304235.jpg,0.32028257846832275
538,815,"pcI-53,3.jpg",383062,0652783,image_234326.jpg,0.30395954847335815
539,448,"gfL-129,1.jpg",103267,1897713,image_388128.jpg,0.3201639652252197
540,519,"giE-87,7.jpg",85653,1397297,image_341317.jpg,0.34032803773880005
541,740,"paL-157,1.jpg",348759,2293493,image_416101.jpg,0.3679242432117462
542,373,"boMS-27,11.jpg",224330,1554887,image_359032.jpg,0.5481739640235901
543,444,"gfIS-30,2.jpg",228151,0130536,image_130353.jpg,0.33890342712402344
544,857,"pcS-5,5.jpg",455886,0870175,image_273930.jpg,0.3319864869117737
545,928,"woL-154,1.jpg",482523,0005311,image_94972.jpg,0.34251654148101807
546,782,"paS-1,4.jpg",350082,0413168,image_189468.jpg,0.3446127772331238
547,853,"pcS-36,1.jpg",78824,1229940,image_323295.jpg,0.35414230823516846
548,486,"gfSL-10,6.jpg",43816,2177289,image_408112.jpg,0.3645690679550171
549,899,"woE-25,10.jpg",350021,0413168,image_189459.jpg,0.30116647481918335
550,807,"pcE-24,5.jpg",224330,1554887,image_359032.jpg,0.472974568605423
551,895,"woE-165,7.jpg",323271,2692146,image_441623.jpg,0.5666301250457764
552,599,"maB-127,3.jpg",374020,2571007,image_434056.jpg,0.35833537578582764
553,803,"pcE-138,4.jpg",356671,0434444,image_193798.jpg,0.3430483937263489
554,436,"gfI-162,7.jpg",71539,0160004,image_136227.jpg,0.44941288232803345
555,507,"giBW-76,16.jpg",409294,3117836,image_460302.jpg,0.3990529775619507
556,45,"anLI-7,11.jpg",292619,0005305,image_94681.jpg,0.38933461904525757
557,361,"boL-50,3.jpg",102850,1355324,image_336468.jpg,0.39551231265068054
558,432,"gfEW-67,12.jpg",195017,0640669,image_231040.jpg,0.3191068768501282
559,845,"pcS-108,15.jpg",340758,0607185,image_225584.jpg,0.35029304027557373
560,478,"gfS-148,5.jpg",19439,2034147,image_398531.jpg,0.5611817240715027
561,916,"woI-126,4.jpg",121659,3216273,image_463708.jpg,0.3544852137565613
562,549,"giM-182,8.jpg",380648,2452520,image_427486.jpg,0.4371880292892456
563,770,"paP-48,1.jpg",487489,1027847,image_298112.jpg,0.5286867618560791
564,841,"pcP-62,1.jpg",22000,0000210,image_7948.jpg,0.33656954765319824
565,474,"gfP-19,15.jpg",9075,0624900,image_228530.jpg,0.3218764662742615
566,178,"bbP-95,2.jpg",321028,4342178,image_483704.jpg,0.34281760454177856
567,887,"woB-63,12.jpg",75519,0780435,image_259023.jpg,0.28149810433387756
568,40,"anL-2,11.jpg",66967,1349694,image_336008.jpg,0.33202052116394043
569,958,"woP-30,3.jpg",37137,1617685,image_364766.jpg,0.33171597123146057
570,470,"gfML-82,7.jpg",470227,2419161,image_425436.jpg,0.5727498531341553
571,883,"woB-180,12.jpg",104702,2066104,image_400559.jpg,0.5367990732192993
572,587,"giW-115,3.jpg",338643,2091145,image_402656.jpg,0.3950636386871338
573,424,"gfE-138,14.jpg",32849,0005042,image_84278.jpg,0.5070564150810242
574,128,"bbI-24,1.jpg",292247,0217481,image_148508.jpg,0.35023510456085205
575,908,"woEM-92,8.jpg",128690,0001722,image_58874.jpg,0.33523285388946533
576,996,"woW-76,1.jpg",184185,1276442,image_327976.jpg,0.4574193060398102
577,420,"gfB-54,15.jpg",255235,0004286,image_69980.jpg,0.447272926568985
578,124,"bbI-143,4.jpg",302536,0005188,image_89929.jpg,0.3352963924407959
579,833,"pcM-30,5.jpg",315737,0146915,image_133692.jpg,0.3299356997013092
580,904,"woEL-40,10.jpg",214737,1169011,image_316079.jpg,0.36803799867630005
581,537,"giIW-54,17.jpg",266673,3738662,image_475765.jpg,0.3745572566986084
582,48,"anM-109,13.jpg",29443,0771414,image_257987.jpg,0.3855358958244324
583,462,"gfM-105,4.jpg",85806,0004937,image_79976.jpg,0.32932543754577637
584,533,"giI-82,6.jpg",173255,0266611,image_158992.jpg,0.39944201707839966
585,166,"bbM-9,6.jpg",179563,4090878,image_481364.jpg,0.38174378871917725
586,946,"woM-172,2.jpg",329582,0584297,image_220689.jpg,0.35964834690093994
587,579,"giS-30,2.jpg",111171,3361199,image_467446.jpg,0.33861929178237915
588,96,"bbB-16,5.jpg",368954,0004770,image_73754.jpg,0.36320212483406067
589,871,"pcW-55,8.jpg",88447,0000609,image_27858.jpg,0.35199400782585144
590,942,"woM-112,13.jpg",267692,1768424,image_378646.jpg,0.27210161089897156
591,575,"giS-180,1.jpg",164539,3794219,image_476754.jpg,0.3776787221431732
592,988,"woW-38,11.jpg",77758,0806217,image_263343.jpg,0.37409335374832153
593,116,"bbEB-60,1.jpg",250957,0000628,image_29517.jpg,0.32722795009613037
594,984,"woW-180,12.jpg",200244,0000574,image_26008.jpg,0.32199347019195557
595,13,"anE-167,1.jpg",193075,0293509,image_165234.jpg,0.31847190856933594
596,91,"anW-74,18.jpg",458619,2080933,image_401855.jpg,0.36707383394241333
597,112,"bbE-52,15.jpg",188080,2811073,image_447315.jpg,0.3109051585197449
598,525,"giI-132,6.jpg",352507,2427285,image_425883.jpg,0.3114224672317505
599,158,"bbM-170,7.jpg",487489,1027847,image_298112.jpg,0.363075852394104
600,229,"bgEW-35,16.jpg",345910,1559935,image_359885.jpg,0.3971402943134308
601,450,"gfL-147,9.jpg",107335,2336905,image_418693.jpg,0.37487828731536865
602,521,"giEL-74,20.jpg",306995,0948272,image_289353.jpg,0.3106152415275574
603,154,"bbM-10,2.jpg",14743,0302956,image_166851.jpg,0.38702577352523804
604,934,"woL-52,8.jpg",254809,0454221,image_197435.jpg,0.3250156044960022
605,567,"giP-46,2.jpg",245402,0305272,image_167368.jpg,0.3480573892593384
606,638,"maL-97,5.jpg",403198,0000332,image_13020.jpg,0.6453651189804077
607,150,"bbLP-30,8.jpg",105585,0794609,image_261870.jpg,0.3447023034095764
608,930,"woL-2,1.jpg",443632,0338292,image_174300.jpg,0.5211211442947388
609,563,"giP-174,1.jpg",60602,0215293,image_148373.jpg,0.42699503898620605
610,196,"bbSP-97,6.jpg",224330,1554887,image_359032.jpg,0.5023985505104065
611,267,"bgM-53,6.jpg",26144,0147825,image_134009.jpg,0.480785995721817
612,976,"woS-36,13.jpg",482523,0005311,image_94972.jpg,0.33420199155807495
613,104,"bbE-122,1.jpg",365033,1147477,image_313786.jpg,0.2998819351196289
614,99,"bbB-47,10.jpg",313105,0836176,image_268906.jpg,0.4205264449119568
615,192,"bbS-28,15.jpg",161915,0000233,image_9028.jpg,0.4415472149848938
616,972,"woS-152,6.jpg",464657,0009190,image_107381.jpg,0.34415560960769653
617,676,"maSE-21,14.jpg",292920,1253636,image_325280.jpg,0.35140034556388855
618,100,"bbB-65,3.jpg",120865,4013659,image_480746.jpg,0.3485187590122223
619,513,"giE-194,14.jpg",262316,0926165,image_284175.jpg,0.35254818201065063
620,217,"bgB-93,12.jpg",224330,1554887,image_359032.jpg,0.4584083557128906
621,16,"anE-182,8.jpg",128129,1001233,image_293326.jpg,0.3283117711544037
622,94,"anWL-24,1.jpg",6024,0411857,image_188905.jpg,0.3370726406574249
623,142,"bbL-188,1.jpg",187737,2862041,image_449829.jpg,0.36363983154296875
624,213,"bgB-48,5.jpg",151908,0005208,image_90663.jpg,0.358825147151947
625,922,"woI-93,9.jpg",269640,0020248,image_110095.jpg,0.5568203926086426
626,626,"maL-109,11.jpg",454741,0005124,image_87692.jpg,0.43705666065216064
627,259,"bgM-101,11.jpg",186785,2419686,image_425537.jpg,0.36925697326660156
628,64,"anP-196,1.jpg",128414,1936317,image_390953.jpg,0.5076640248298645
629,551,"giM-31,8.jpg",260225,2265157,image_414761.jpg,0.4053057134151459
630,184,"bbS-147,5.jpg",52309,1564087,image_360289.jpg,0.3793008029460907
631,622,"maI-171,1.jpg",184185,1276442,image_327976.jpg,0.34009093046188354
632,255,"bgLI-5,2.jpg",337472,0686818,image_240600.jpg,0.42418792843818665
633,668,"maS-28,4.jpg",74828,4474577,image_484957.jpg,0.3847096562385559
634,739,"paL-134,8.jpg",272056,1415284,image_343369.jpg,0.3911290168762207
635,180,"bbPL-36,4.jpg",394492,0427963,image_192436.jpg,0.3529028296470642
636,960,"woP-5,7.jpg",97427,2498781,image_429986.jpg,0.30926722288131714
637,593,"giW-74,5.jpg",332817,0277213,image_162245.jpg,0.41633719205856323
638,664,"maS-15,8.jpg",152868,1021417,image_296845.jpg,0.3222963213920593
639,297,"bgW-109,1.jpg",54074,3653572,image_474371.jpg,0.48728448152542114
640,205,"bbW-59,14.jpg",338345,0553468,image_215351.jpg,0.32160434126853943
641,293,"bgS-31,2.jpg",321033,4342178,image_483718.jpg,0.31342560052871704
642,130,"bbI-47,3.jpg",347340,3432505,image_469458.jpg,0.38497593998908997
643,201,"bbW-26,1.jpg",327747,1836720,image_383292.jpg,0.33705997467041016
644,910,"woEW-13,1.jpg",301302,2779544,image_445505.jpg,0.3816649615764618
645,614,"maEM-70,9.jpg",260665,0397712,image_186898.jpg,0.3948410749435425
646,247,"bgL-51,11.jpg",59344,0461572,image_198455.jpg,0.33552947640419006
647,318,"boB-55,15.jpg",415894,1545471,image_357998.jpg,0.317902147769928
648,172,"bbP-192,13.jpg",476206,0134072,image_131179.jpg,0.39953458309173584
649,610,"maE-4,8.jpg",224330,1554887,image_359032.jpg,0.5502704977989197
650,243,"bgL-116,3.jpg",275172,0001348,image_48005.jpg,0.36410051584243774
651,656,"maP-84,2.jpg",134663,2548759,image_432286.jpg,0.34155499935150146
652,727,"paI-168,13.jpg",108485,1254478,image_325379.jpg,0.31686651706695557
653,67,"anP-51,15.jpg",112713,1438612,image_347013.jpg,0.32511991262435913
654,581,"giS-7,10.jpg",444938,1741002,image_376563.jpg,0.37461426854133606
655,652,"maP-26,9.jpg",9925,0001086,image_40832.jpg,0.41403675079345703
656,285,"bgP-80,1.jpg",111717,0000498,image_21019.jpg,0.3612833619117737
657,356,"boL-159,10.jpg",224330,1554887,image_359032.jpg,0.6006022691726685
658,769,"paP-43,10.jpg",279995,2183803,image_408596.jpg,0.3958207368850708
659,281,"bgP-41,8.jpg",263356,0718646,image_247169.jpg,0.3804648220539093
660,990,"woW-59,13.jpg",203524,0358316,image_178805.jpg,0.34725695848464966
661,694,"paB-103,5.jpg",146165,0608378,image_226116.jpg,0.4543047249317169
662,765,"paP-144,6.jpg",195014,0640669,image_231060.jpg,0.3881138861179352
663,398,"boSP-89,3.jpg",101097,3925368,image_479332.jpg,0.3711467981338501
664,62,"anP-127,2.jpg",351471,3480246,image_470545.jpg,0.309866726398468
665,602,"maB-96,15.jpg",328272,4774362,image_487939.jpg,0.3148714303970337
666,690,"maWB-44,7.jpg",349677,4836884,image_488227.jpg,0.29416829347610474
667,306,"bgW-3,4.jpg",307614,1988111,image_395637.jpg,0.38917404413223267
668,719,"paE-96,1.jpg",161915,0000233,image_9028.jpg,0.38332247734069824
669,32,"anI-58,3.jpg",6400,4137167,image_482005.jpg,0.31881311535835266
670,231,"bgI-103,1.jpg",226866,2312345,image_416928.jpg,0.4006398618221283
671,302,"bgW-162,1.jpg",441150,1754048,image_377654.jpg,0.34538954496383667
672,715,"paE-199,15.jpg",56817,2584600,image_435118.jpg,0.36963480710983276
673,348,"boI-75,4.jpg",260460,0260632,image_157631.jpg,0.3265964686870575
674,419,"gfB-3,1.jpg",397541,1879133,image_386802.jpg,0.3201289176940918
675,640,"maLM-3,15.jpg",377281,4198135,image_482604.jpg,0.33161401748657227
676,273,"bgP-120,6.jpg",402177,0000430,image_17283.jpg,0.3972037434577942
677,344,"boI-157,2.jpg",427853,0032962,image_112220.jpg,0.31825923919677734
678,757,"paM-78,2.jpg",225257,0334159,image_173386.jpg,0.3206477463245392
679,828,"pcLM-17,10.jpg",93168,1066970,image_303331.jpg,0.43603387475013733
680,682,"maW-111,1.jpg",431514,0068338,image_118382.jpg,0.34000200033187866
681,753,"paM-152,15.jpg",330725,3788418,image_476682.jpg,0.38391125202178955
682,386,"boP-92,8.jpg",53399,0393799,image_185889.jpg,0.3016633093357086
683,799,"pcB-147,7.jpg",225991,0004879,image_77366.jpg,0.391364187002182
684,795,"paW-6,20.jpg",284552,0477127,image_199899.jpg,0.28994685411453247
685,499,"gfWL-51,11.jpg",352646,2999515,image_455839.jpg,0.2975653409957886
686,703,"paB-33,16.jpg",77326,0467572,image_198803.jpg,0.3323909342288971
687,336,"boE-64,2.jpg",255396,1089991,image_306346.jpg,0.41377419233322144
688,407,"boW-27,6.jpg",224330,1554887,image_359032.jpg,0.3673260807991028
689,35,"anI-81,1.jpg",374310,1479002,image_351565.jpg,0.30444812774658203
690,261,"bgM-113,7.jpg",193912,0843100,image_270589.jpg,0.3291376233100891
691,332,"boE-33,9.jpg",418845,0001841,image_63209.jpg,0.47064322233200073
692,745,"paL-40,6.jpg",446075,1167083,image_315885.jpg,0.31495773792266846
693,816,"pcI-64,14.jpg",92095,2075994,image_401486.jpg,0.33744895458221436
694,449,"gfL-140,15.jpg",415894,1545471,image_357998.jpg,0.4660766124725342
695,670,"maS-40,1.jpg",286289,0063571,image_117014.jpg,0.3790300190448761
696,741,"paL-173,9.jpg",413904,0000439,image_18389.jpg,0.4023512601852417
697,374,"boP-107,3.jpg",83241,0473204,image_199611.jpg,0.2924066185951233
698,445,"gfL-103,5.jpg",443632,0338292,image_174300.jpg,0.5235427021980286
699,30,"anI-38,14.jpg",119140,0852957,image_271382.jpg,0.3485187888145447
700,858,"pcS-70,15.jpg",453573,0663546,image_236945.jpg,0.29910415410995483
701,370,"boM-89,9.jpg",54074,3653572,image_474371.jpg,0.4611656665802002
702,783,"paS-162,8.jpg",80548,3188373,image_462705.jpg,0.3552144169807434
703,487,"gfSL-72,1.jpg",42739,2443758,image_426588.jpg,0.3265143632888794
704,324,"boE-130,15.jpg",470227,2419161,image_425436.jpg,0.486660361289978
705,808,"pcE-31,13.jpg",149917,2375297,image_422017.jpg,0.3791351020336151
706,896,"woE-170,8.jpg",56618,0599215,image_223635.jpg,0.2846177816390991
707,320,"boB-99,4.jpg",189699,0004859,image_76810.jpg,0.3560159504413605
708,733,"paI-8,1.jpg",180667,2520212,image_430669.jpg,0.35918736457824707
709,804,"pcE-14,2.jpg",362990,0000646,image_30129.jpg,0.3969421684741974
710,437,"gfI-165,1.jpg",470227,2419161,image_425436.jpg,0.42604199051856995
711,508,"giE-100,10.jpg",75811,0001063,image_39701.jpg,0.312938392162323
712,38,"anL-115,15.jpg",401304,1256532,image_325469.jpg,0.3182629942893982
713,362,"boLI-97,9.jpg",9925,0001086,image_40832.jpg,0.3592519164085388
714,433,"gfEW-93,15.jpg",435795,0001834,image_62557.jpg,0.3133721351623535
715,846,"pcS-108,1.jpg",254779,0971731,image_291558.jpg,0.3446735441684723
716,479,"gfS-16,13.jpg",154828,0242882,image_154156.jpg,0.335516095161438
717,917,"woI-132,3.jpg",336143,0000107,image_963.jpg,0.37002459168434143
718,86,"anW-32,2.jpg",219167,0241049,image_153645.jpg,0.3044741153717041
719,771,"paP-59,5.jpg",487489,1027847,image_298112.jpg,0.4866381883621216
720,842,"pcP-84,3.jpg",320364,0015196,image_109570.jpg,0.3504565954208374
721,475,"gfP-33,6.jpg",282366,1668582,image_369178.jpg,0.3955010175704956
722,179,"bbP-99,4.jpg",134773,1357218,image_336559.jpg,0.31791526079177856
723,888,"woB-75,9.jpg",72052,1553725,image_358778.jpg,0.373569518327713
724,959,"woP-51,2.jpg",221296,1352774,image_336361.jpg,0.6196284890174866
725,884,"woB-190,15.jpg",377648,0005029,image_84062.jpg,0.3723435699939728
726,588,"giW-118,2.jpg",153799,0001416,image_49509.jpg,0.369012713432312
727,81,"anSM-51,4.jpg",25738,2610425,image_436702.jpg,0.34206652641296387
728,425,"gfE-17,5.jpg",16988,0005392,image_97996.jpg,0.3213324546813965
729,129,"bbI-35,9.jpg",226900,2312345,image_416926.jpg,0.4599689245223999
730,909,"woEP-20,4.jpg",247725,3109458,image_460146.jpg,0.3714525103569031
731,350,"boIL-7,13.jpg",234375,0566363,image_217201.jpg,0.33089402318000793
732,421,"gfBL-13,5.jpg",318604,0660244,image_236233.jpg,0.3555915355682373
733,834,"pcM-38,7.jpg",252966,1587232,image_362663.jpg,0.46866774559020996
734,467,"gfM-35,15.jpg",316516,2885819,image_450471.jpg,0.33907654881477356
735,905,"woEM-17,18.jpg",226668,1415323,image_343636.jpg,0.34169381856918335
736,538,"giL-108,15.jpg",200039,0515753,image_207656.jpg,0.3549596071243286
737,830,"pcM-18,15.jpg",14028,0000268,image_10155.jpg,0.33496952056884766
738,463,"gfM-129,11.jpg",337008,0329481,image_171982.jpg,0.30974143743515015
739,167,"bbMP-92,10.jpg",77758,0806217,image_263343.jpg,0.6164575815200806
740,876,"pcW-89,3.jpg",48227,0201022,image_146069.jpg,0.3625820279121399
741,947,"woM-197,10.jpg",201959,1706767,image_372287.jpg,0.31319987773895264
742,89,"anW-58,1.jpg",321480,0567653,image_217478.jpg,0.37462878227233887
743,872,"pcW-56,1.jpg",91373,0504642,image_204751.jpg,0.318440318107605
744,576,"giS-192,7.jpg",267324,3964350,image_479985.jpg,0.3847486674785614
745,989,"woW-5,5.jpg",156099,0004839,image_76261.jpg,0.355678915977478
746,413,"gfB-110,7.jpg",337472,0686818,image_240600.jpg,0.4634510576725006
747,117,"bbEI-91,16.jpg",54074,3653572,image_474371.jpg,0.3898703455924988
748,985,"woW-188,3.jpg",246187,0689237,image_241588.jpg,0.4553035497665405
749,84,"anW-14,3.jpg",490297,2304722,image_416588.jpg,0.30731552839279175
750,113,"bbE-65,6.jpg",6626,3590487,image_472480.jpg,0.3284248113632202
751,822,"pcL-139,12.jpg",130092,2905729,image_450967.jpg,0.3560364246368408
752,526,"giI-142,6.jpg",380648,2452520,image_427486.jpg,0.48156630992889404
753,159,"bbM-193,2.jpg",169140,3151489,image_461470.jpg,0.3350018858909607
754,939,"woLW-23,19.jpg",451811,1923972,image_389944.jpg,0.3037611246109009
755,54,"anM-184,3.jpg",174568,1000000,image_293144.jpg,0.3041083812713623
756,451,"gfL-154,7.jpg",472663,0000622,image_29202.jpg,0.3670096695423126
757,522,"giEW-57,3.jpg",152030,3815306,image_477203.jpg,0.3878082036972046
758,155,"bbM-104,5.jpg",423232,2400045,image_423837.jpg,0.4182015657424927
759,935,"woL-53,9.jpg",448312,0049313,image_114957.jpg,0.3328862488269806
760,568,"giP-48,2.jpg",169140,3151489,image_461470.jpg,0.36135315895080566
761,639,"maLE-93,10.jpg",212165,0507073,image_205227.jpg,0.4186820983886719
762,860,"pcSW-81,12.jpg",487489,1027847,image_298112.jpg,0.5975213646888733
763,493,"gfW-195,2.jpg",350370,0313534,image_168845.jpg,0.34184959530830383
764,931,"woL-33,3.jpg",112090,1951583,image_392262.jpg,0.3159160912036896
765,564,"giP-23,2.jpg",85653,1397297,image_341317.jpg,0.32559627294540405
766,197,"bbW-104,8.jpg",210409,1291227,image_329277.jpg,0.35769331455230713
767,977,"woS-76,12.jpg",124425,0581810,image_220078.jpg,0.3011457324028015
768,105,"bbE-122,7.jpg",435486,2578007,image_434475.jpg,0.40707236528396606
769,193,"bbS-38,14.jpg",185435,0740264,image_251582.jpg,0.3945161700248718
770,973,"woS-164,1.jpg",56817,2584600,image_435118.jpg,0.47924232482910156
771,101,"bbBE-65,12.jpg",217953,3123304,image_460441.jpg,0.34505921602249146
772,514,"giE-37,14.jpg",54210,0005269,image_93217.jpg,0.3488611876964569
773,147,"bbL-80,4.jpg",253154,0004941,image_80201.jpg,0.3286024332046509
774,218,"bgBE-64,4.jpg",321026,4342178,image_483705.jpg,0.3468669056892395
775,510,"giE-131,2.jpg",267357,3964350,image_479991.jpg,0.35947930812835693
776,143,"bbL-19,9.jpg",36415,0836232,image_268972.jpg,0.4322879910469055
777,923,"woI-9,4.jpg",372096,0001880,image_64238.jpg,0.2975464463233948
778,556,"giM-82,13.jpg",85595,5223413,image_490554.jpg,0.4234798550605774
779,627,"maL-128,8.jpg",415272,0683467,image_240278.jpg,0.3219757080078125
780,57,"anM-45,1.jpg",371473,2368789,image_421467.jpg,0.3363334834575653
781,552,"giM-55,2.jpg",407817,0773603,image_258232.jpg,0.3632236123085022
782,185,"bbS-154,3.jpg",376302,1471089,image_350543.jpg,0.41286277770996094
783,256,"bgLS-57,1.jpg",184825,1855099,image_384916.jpg,0.35766005516052246
784,965,"woP-98,12.jpg",370086,1982086,image_394563.jpg,0.3267967700958252
785,669,"maS-36,15.jpg",80220,0000950,image_36654.jpg,0.3424469828605652
786,181,"bbPW-31,18.jpg",322782,2310307,image_416847.jpg,0.36548513174057007
787,961,"woP-6,10.jpg",11753,0000562,image_25393.jpg,0.308858186006546
788,594,"giW-85,8.jpg",481034,0103785,image_124806.jpg,0.36536991596221924
789,665,"maS-16,20.jpg",363631,2645189,image_438690.jpg,0.32791924476623535
790,298,"bgW-122,1.jpg",323839,2338525,image_418908.jpg,0.5013694763183594
791,52,"anM-161,13.jpg",470701,1980968,image_394458.jpg,0.5311212539672852
792,502,"giB-71,2.jpg",283873,2210588,image_410558.jpg,0.466926246881485
793,590,"giW-158,5.jpg",411350,1113550,image_309243.jpg,0.3643769919872284
794,206,"bbW-93,14.jpg",480411,1025616,image_297894.jpg,0.37639838457107544
795,619,"maI-137,3.jpg",414295,0000439,image_18537.jpg,0.552793025970459
796,22,"anE-95,14.jpg",162016,0000233,image_9275.jpg,0.31614285707473755
797,131,"bbI-58,2.jpg",469212,0728762,image_249209.jpg,0.3822545111179352
798,202,"bbW-29,17.jpg",224330,1554887,image_359032.jpg,0.5459496974945068
799,911,"woEW-95,16.jpg",279996,2183803,image_408561.jpg,0.3430904150009155
800,615,"maI-110,3.jpg",345910,1559935,image_359885.jpg,0.35978424549102783
801,248,"bgL-59,3.jpg",368135,3510471,image_471086.jpg,0.4149000644683838
802,319,"boB-83,5.jpg",460780,0839287,image_269679.jpg,0.32367759943008423
803,540,"giL-139,12.jpg",415894,1545471,image_357998.jpg,0.5356385707855225
804,173,"bbP-32,5.jpg",8542,0000867,image_35403.jpg,0.3845742344856262
805,611,"maE-67,1.jpg",309839,0648913,image_233576.jpg,0.2940431237220764
806,244,"bgL-133,6.jpg",54074,3653572,image_474371.jpg,0.5664570927619934
807,657,"maP-94,14.jpg",460373,0182455,image_140485.jpg,0.3072637915611267
808,728,"paI-168,2.jpg",321133,0005403,image_98522.jpg,0.2727973759174347
809,582,"giSI-6,1.jpg",77115,0005195,image_90239.jpg,0.34043070673942566
810,653,"maP-29,3.jpg",388712,2110418,image_404144.jpg,0.32694581151008606
811,286,"bgP-80,4.jpg",231599,0000775,image_34140.jpg,0.366131067276001
812,699,"paB-150,3.jpg",440147,1513736,image_355056.jpg,0.32322531938552856
813,282,"bgP-45,10.jpg",283162,0005260,image_92691.jpg,0.3820061981678009
814,991,"woW-61,5.jpg",243303,0933475,image_286237.jpg,0.4255456328392029
815,695,"paB-120,15.jpg",303547,1567202,image_361011.jpg,0.4514753520488739
816,399,"boSW-58,10.jpg",225257,0334159,image_173386.jpg,0.3207795023918152
817,603,"maBI-17,13.jpg",329160,3784252,image_476557.jpg,0.3459599018096924
818,236,"bgI-65,5.jpg",161915,0000233,image_9028.jpg,0.49905264377593994
819,691,"maWI-89,13.jpg",153336,1469323,image_350423.jpg,0.38296881318092346
820,307,"bgW-68,10.jpg",128414,1936317,image_390953.jpg,0.43913590908050537
821,25,"anES-88,7.jpg",107002,0001435,image_49996.jpg,0.31979334354400635
822,232,"bgI-142,2.jpg",8785,0000310,image_12330.jpg,0.39942866563796997
823,645,"maM-156,1.jpg",270834,1954240,image_392443.jpg,0.3515769839286804
824,716,"paE-52,12.jpg",86449,2554724,image_433213.jpg,0.3090941905975342
825,349,"boI-98,3.jpg",252466,3652766,image_474327.jpg,0.33760035037994385
826,570,"giP-85,6.jpg",38200,2169537,image_407659.jpg,0.3881594240665436
827,641,"maLS-21,8.jpg",71904,0359577,image_179247.jpg,0.3087746500968933
828,274,"bgP-123,4.jpg",479389,2162024,image_407146.jpg,0.3662495017051697
829,345,"boI-1,5.jpg",252147,0001131,image_42709.jpg,0.32355761528015137
830,20,"anE-8,2.jpg",14172,2808844,image_447208.jpg,0.3400595188140869
831,758,"paM-79,13.jpg",326762,2997484,image_455608.jpg,0.30709540843963623
832,270,"bgMP-26,4.jpg",74815,3262524,image_464924.jpg,0.39755403995513916
833,683,"maW-134,15.jpg",9879,0001086,image_40993.jpg,0.544879138469696
834,754,"paM-193,3.jpg",172584,2812116,image_447552.jpg,0.38128915429115295
835,387,"boP-95,10.jpg",215435,1080620,image_304560.jpg,0.34299713373184204
836,9,"anE-0,7.jpg",188079,2811073,image_447317.jpg,0.3163842558860779
837,708,"paB-6,4.jpg",230242,2003700,image_396585.jpg,0.30950549244880676
838,796,"paW-70,7.jpg",52081,1851772,image_384566.jpg,0.32456886768341064
839,220,"bgBP-77,4.jpg",171731,2772468,image_445037.jpg,0.38494768738746643
840,704,"paB-33,9.jpg",103728,0004947,image_80284.jpg,0.4145240783691406
841,337,"boEL-25,20.jpg",282378,1668582,image_369173.jpg,0.3244236409664154
842,408,"boW-28,4.jpg",477045,2067953,image_400835.jpg,0.38524648547172546
843,28,"anI-26,17.jpg",451039,5211815,image_490526.jpg,0.4371735453605652
844,262,"bgM-127,2.jpg",908,2107055,image_403952.jpg,0.42101621627807617
845,333,"boE-45,7.jpg",477023,2368981,image_421578.jpg,0.4167599081993103
846,746,"paL-54,15.jpg",40220,0461712,image_198479.jpg,0.3461805284023285
847,379,"boP-18,1.jpg",470701,1980968,image_394458.jpg,0.42676621675491333
848,817,"pcIB-29,8.jpg",66290,2331282,image_418429.jpg,0.47079452872276306
849,76,"anS-73,10.jpg",349968,0413168,image_189545.jpg,0.3076851963996887
850,671,"maS-52,3.jpg",364306,1650932,image_367504.jpg,0.31066858768463135
851,742,"paL-183,4.jpg",406751,0597223,image_223221.jpg,0.3042500615119934
852,375,"boP-111,3.jpg",225257,0334159,image_173386.jpg,0.3227463662624359
853,788,"paW-123,10.jpg",224330,1554887,image_359032.jpg,0.45376282930374146
854,859,"pcSP-41,6.jpg",15462,2397366,image_423692.jpg,0.3728364408016205
855,784,"paS-191,11.jpg",205157,4476068,image_484989.jpg,0.3188854455947876
856,488,"gfW-111,15.jpg",444133,3903448,image_478968.jpg,0.368147611618042
857,71,"anS-160,9.jpg",276045,2121541,image_404861.jpg,0.3197416067123413
858,325,"boE-131,9.jpg",224330,1554887,image_359032.jpg,0.3908233046531677
859,809,"pcE-83,4.jpg",433690,5178348,image_490316.jpg,0.32353562116622925
860,897,"woE-186,2.jpg",104702,2066104,image_400559.jpg,0.3608889877796173
861,250,"bgL-63,1.jpg",174219,0005134,image_88319.jpg,0.4526720643043518
862,321,"boBM-47,1.jpg",437402,0892157,image_277363.jpg,0.3439423739910126
863,734,"paIE-88,6.jpg",363073,2235318,image_412706.jpg,0.30337923765182495
864,805,"pcE-172,8.jpg",260134,0278979,image_162614.jpg,0.27682027220726013
865,438,"gfI-2,10.jpg",52829,0911431,image_279819.jpg,0.31580597162246704
866,730,"paI-55,2.jpg",374981,1443610,image_347609.jpg,0.29880470037460327
867,363,"boM-117,2.jpg",44771,2798112,image_446880.jpg,0.39899590611457825
868,434,"gfI-114,10.jpg",182129,0614365,image_227065.jpg,0.2955435514450073
869,847,"pcS-118,1.jpg",15745,3609965,image_473274.jpg,0.3459746837615967
870,79,"anSB-42,13.jpg",128414,1936317,image_390953.jpg,0.36971575021743774
871,772,"paP-60,13.jpg",332970,0277213,image_162030.jpg,0.2951130270957947
872,843,"pcP-99,11.jpg",360055,1843026,image_384081.jpg,0.3256949782371521
873,476,"gfP-51,6.jpg",366864,2621983,image_437257.jpg,0.30008992552757263
874,889,"woB-77,14.jpg",305854,1867602,image_385823.jpg,0.3448708653450012
875,313,"boB-143,1.jpg",440147,1513736,image_355056.jpg,0.39445960521698
876,885,"woB-21,10.jpg",54074,3653572,image_474371.jpg,0.5334700345993042
877,722,"paI-119,9.jpg",285979,3317479,image_466222.jpg,0.3116822838783264
878,426,"gfE-185,1.jpg",100621,0887144,image_276264.jpg,0.3749123513698578
879,44,"anL-93,3.jpg",221296,1352774,image_336361.jpg,0.5607335567474365
880,351,"boIS-25,19.jpg",152868,1021417,image_296845.jpg,0.45582520961761475
881,422,"gfBM-94,12.jpg",121374,2596357,image_435601.jpg,0.4863230586051941
882,835,"pcM-86,13.jpg",68675,1795464,image_380435.jpg,0.3283844590187073
883,468,"gfM-92,10.jpg",316674,0000352,image_14479.jpg,0.36106738448143005
884,906,"woEM-18,9.jpg",339374,1483339,image_352030.jpg,0.35120105743408203
885,539,"giL-130,15.jpg",481073,0103785,image_124777.jpg,0.31204670667648315
886,760,"paM-91,4.jpg",278649,0001029,image_38720.jpg,0.32717764377593994
887,393,"boS-181,1.jpg",470227,2419161,image_425436.jpg,0.7017117142677307
888,831,"pcM-183,15.jpg",50275,4273026,image_483042.jpg,0.34900587797164917
889,464,"gfM-133,6.jpg",40049,1046097,image_300203.jpg,0.318607360124588
890,168,"bbMS-4,11.jpg",71682,1940449,image_391263.jpg,0.34033048152923584
891,877,"pcW-90,11.jpg",46286,1927701,image_390219.jpg,0.41801029443740845
892,948,"woM-49,7.jpg",470227,2419161,image_425436.jpg,0.5896961688995361
893,873,"pcW-66,11.jpg",5560,1166613,image_315877.jpg,0.4214542508125305
894,577,"giS-195,15.jpg",242925,0186505,image_141816.jpg,0.3141899108886719
895,414,"gfB-140,1.jpg",197330,2244205,image_413098.jpg,0.3446959853172302
896,118,"bbEM-84,1.jpg",224330,1554887,image_359032.jpg,0.44213569164276123
897,986,"woW-195,5.jpg",470227,2419161,image_425436.jpg,0.5263066291809082
898,410,"boWL-37,1.jpg",226896,2312345,image_416922.jpg,0.3854307532310486
899,823,"pcL-144,5.jpg",31348,0001261,image_44773.jpg,0.2994134724140167
900,456,"gfL-53,2.jpg",366385,1291934,image_329431.jpg,0.3070870637893677
901,527,"giI-146,1.jpg",62338,0118682,image_127670.jpg,0.3866630494594574
902,47,"anM-105,1.jpg",267502,2773091,image_445190.jpg,0.36140304803848267
903,452,"gfL-163,6.jpg",108361,0888468,image_276439.jpg,0.40417537093162537
904,156,"bbM-106,10.jpg",152868,1021417,image_296845.jpg,0.28537553548812866
905,865,"pcW-178,15.jpg",388962,1817835,image_382045.jpg,0.3565808832645416
906,936,"woL-80,5.jpg",178600,0211087,image_147673.jpg,0.30918198823928833
907,569,"giP-62,3.jpg",85653,1397297,image_341317.jpg,0.3463095426559448
908,95,"bbB-128,1.jpg",9879,0001086,image_40993.jpg,0.5983392596244812
909,861,"pcW-1,13.jpg",180843,2932097,image_452125.jpg,0.30507898330688477
910,494,"gfW-20,4.jpg",232716,0197453,image_144900.jpg,0.38018715381622314
911,565,"giP-34,1.jpg",246187,0689237,image_241588.jpg,0.5553661584854126
912,198,"bbW-107,3.jpg",477522,0001344,image_47866.jpg,0.38380011916160583
913,42,"anL-61,3.jpg",328313,4774362,image_487921.jpg,0.3457111716270447
914,978,"woS-85,1.jpg",487489,1027847,image_298112.jpg,0.5225576758384705
915,402,"boW-129,8.jpg",432687,2408572,image_424732.jpg,0.3891301453113556
916,490,"gfW-121,3.jpg",168188,0746125,image_252762.jpg,0.3143651485443115
917,106,"bbE-124,1.jpg",464595,0009190,image_107354.jpg,0.36400482058525085
918,974,"woS-26,10.jpg",80744,0005245,image_91932.jpg,0.3126608729362488
919,12,"anE-159,3.jpg",101097,3925368,image_479332.jpg,0.378034770488739
920,90,"anW-61,5.jpg",464866,3287038,image_465419.jpg,0.3618600368499756
921,102,"bbBW-87,2.jpg",479480,2162024,image_407162.jpg,0.35120686888694763
922,811,"pcEI-31,16.jpg",447587,2744525,image_443885.jpg,0.340609073638916
923,515,"giE-42,3.jpg",228730,0001390,image_48996.jpg,0.37762534618377686
924,148,"bbL-85,10.jpg",206924,1893735,image_388063.jpg,0.38278308510780334
925,219,"bgBM-91,1.jpg",209713,1083271,image_304979.jpg,0.34204456210136414
926,440,"gfI-77,11.jpg",161915,0000233,image_9028.jpg,0.403722882270813
927,511,"giE-139,3.jpg",100444,0678816,image_239382.jpg,0.29539620876312256
928,144,"bbL-27,4.jpg",109445,0000605,image_27652.jpg,0.320843905210495
929,924,"woI-98,12.jpg",80996,2421181,image_425656.jpg,0.29603835940361023
930,557,"giM-88,1.jpg",398471,0005527,image_103015.jpg,0.3378034234046936
931,628,"maL-179,15.jpg",442964,0424762,image_191914.jpg,0.3447277843952179
932,482,"gfS-46,6.jpg",470227,2419161,image_425436.jpg,0.5720218420028687
933,920,"woI-62,12.jpg",54074,3653572,image_474371.jpg,0.547366201877594
934,553,"giM-58,3.jpg",98860,2953537,image_453625.jpg,0.3745735287666321
935,186,"bbS-155,1.jpg",157740,1872782,image_386537.jpg,0.3220674693584442
936,257,"bgLS-57,2.jpg",908,2107055,image_403952.jpg,0.3611915707588196
937,966,"woPE-75,4.jpg",305655,0005576,image_105325.jpg,0.27784204483032227
938,98,"bbB-34,11.jpg",386757,3229685,image_464204.jpg,0.33292317390441895
939,182,"bbS-11,3.jpg",211208,0491259,image_201899.jpg,0.33651643991470337
940,891,"woE-115,1.jpg",137500,1645313,image_367217.jpg,0.3175041675567627
941,962,"woP-68,15.jpg",72686,2679438,image_440440.jpg,0.3651943802833557
942,595,"giWB-46,17.jpg",405509,0039162,image_113406.jpg,0.37178096175193787
943,299,"bgW-124,1.jpg",250957,0000628,image_29517.jpg,0.3926272988319397
944,503,"giBE-47,11.jpg",482523,0005311,image_94972.jpg,0.32654744386672974
945,136,"bbIM-50,1.jpg",325399,0001444,image_50552.jpg,0.3284047245979309
946,591,"giW-179,1.jpg",8454,0000867,image_35146.jpg,0.45411309599876404
947,207,"bbWL-55,10.jpg",362272,1026120,image_297934.jpg,0.367485374212265
948,15,"anE-178,12.jpg",54060,0048414,image_114447.jpg,0.3123679757118225
949,93,"anWI-22,10.jpg",456137,4478322,image_485165.jpg,0.3224792778491974
950,132,"bbI-72,7.jpg",120886,1851640,image_384487.jpg,0.3922234773635864
951,912,"woI-101,7.jpg",144237,0471381,image_199432.jpg,0.33735892176628113
952,545,"giLS-1,10.jpg",439524,2225369,image_411819.jpg,0.43488267064094543
953,616,"maI-112,4.jpg",137048,1324959,image_333662.jpg,0.34603267908096313
954,249,"bgL-62,4.jpg",396912,3409535,image_468878.jpg,0.39353054761886597
955,541,"giL-140,5.jpg",54699,1943895,image_391653.jpg,0.44402945041656494
956,174,"bbP-44,11.jpg",227725,2313103,image_416945.jpg,0.39719927310943604
957,245,"bgL-28,2.jpg",102850,1355324,image_336468.jpg,0.3367103338241577
958,954,"woMW-35,1.jpg",59239,1701859,image_372182.jpg,0.4329119920730591
959,10,"anE-102,1.jpg",267324,3964350,image_479985.jpg,0.40101996064186096
960,658,"maS-0,4.jpg",406670,0001459,image_50716.jpg,0.3808114528656006
961,729,"paI-193,10.jpg",365026,1147477,image_313785.jpg,0.31401365995407104
962,170,"bbP-118,4.jpg",141447,0083024,image_120408.jpg,0.316061794757843
963,950,"woM-94,5.jpg",451170,1433588,image_346213.jpg,0.34771472215652466
964,583,"giSL-66,15.jpg",487489,1027847,image_298112.jpg,0.5746355652809143
965,654,"maP-81,8.jpg",303966,0937016,image_287805.jpg,0.33359628915786743
966,287,"bgP-83,15.jpg",319906,1444665,image_348050.jpg,0.35236024856567383
967,8,"anBW-45,6.jpg",29443,0771414,image_257987.jpg,0.3959049582481384
968,992,"woW-64,6.jpg",95203,3167372,image_461818.jpg,0.3186325132846832
969,608,"maE-155,6.jpg",459362,0670408,image_238203.jpg,0.3730837106704712
970,696,"paB-125,1.jpg",110808,0924918,image_283762.jpg,0.30580195784568787
971,120,"bbEP-8,8.jpg",152868,1021417,image_296845.jpg,0.5222670435905457
972,900,"woE-36,1.jpg",325617,0071847,image_119185.jpg,0.3578915596008301
973,604,"maBI-5,13.jpg",184185,1276442,image_327976.jpg,0.3643399477005005
974,237,"bgI-90,1.jpg",74454,2279940,image_415502.jpg,0.3555680811405182
975,308,"bgW-71,8.jpg",25017,0085312,image_121015.jpg,0.308540940284729
976,18,"anE-44,18.jpg",123804,0289142,image_164525.jpg,0.34362372756004333
977,162,"bbM-43,8.jpg",44064,4282631,image_483092.jpg,0.3782399296760559
978,600,"maB-190,4.jpg",56817,2584600,image_435118.jpg,0.3545491695404053
979,233,"bgI-20,9.jpg",413904,0000439,image_18389.jpg,0.506260097026825
980,646,"maM-193,9.jpg",218485,1886602,image_387382.jpg,0.31129190325737
981,279,"bgP-22,5.jpg",470227,2419161,image_425436.jpg,0.5513227581977844
982,717,"paE-61,4.jpg",198939,0082211,image_120307.jpg,0.48714935779571533
983,66,"anP-4,10.jpg",407827,0773603,image_258234.jpg,0.48017269372940063
984,571,"giPI-81,2.jpg",54074,3653572,image_474371.jpg,0.4877033829689026
985,642,"maM-102,1.jpg",443893,0758597,image_256256.jpg,0.2805110216140747
986,275,"bgP-125,1.jpg",397909,2336967,image_418747.jpg,0.3200133442878723
987,688,"maW-66,7.jpg",339576,0424216,image_191778.jpg,0.3556728959083557
988,759,"paM-79,6.jpg",367787,0407704,image_188303.jpg,0.3540893495082855
989,271,"bgP-1,11.jpg",97372,3025400,image_456972.jpg,0.36236315965652466
990,980,"woS-94,14.jpg",214700,1256602,image_325536.jpg,0.3929619789123535
991,684,"maW-23,7.jpg",467780,0000473,image_20085.jpg,0.2989538013935089
992,388,"boPS-66,4.jpg",224330,1554887,image_359032.jpg,0.4597665071487427
993,61,"anP-121,1.jpg",398018,2298370,image_416338.jpg,0.30177003145217896
994,225,"bgE-148,1.jpg",15342,0272324,image_160546.jpg,0.39731237292289734
995,680,"maSP-13,3.jpg",130843,0000494,image_20811.jpg,0.28977108001708984
996,709,"paB-72,14.jpg",219726,0004266,image_69666.jpg,0.34643086791038513
997,797,"paW-73,11.jpg",371852,0001494,image_52040.jpg,0.368246853351593
998,221,"bgE-100,11.jpg",267308,3964350,image_479998.jpg,0.34973859786987305
999,634,"maL-37,10.jpg",401041,1264557,image_326427.jpg,0.36771851778030396
